locus,primerF,primerR,type,motif,sequence
CE_003,aaagactctaagatgggagag,tccattctgccttcttccat,microsat,ATAG,
CE_012,acgtgggaagccatgtgta,aaaagcacctatgaccggaa,microsat,GATA,
CE_026,atgtcgcaactaagacccg,caagtctcaactgtttcatgtt,microsat,AATC,
CE_028,caaaggtcacactggtaaaac,gaagagaatgtacaagctatag,microsat,AGAA,
CE_032,cacagtcagttgatagccc,ggacacaggtacctttgtg,microsat,ATGA,
CE_038,catactgaatggtttggccaa,gcaactgttttcaagttaagtg,microsat,AAAT,
CE_042,catggcacaattccataaaattg,gaaagatagaattaaaacatgtgg,microsat,ATAG,
CE_063,gaacatgaatcaatgtacataaca,ggttactattggttccagcat,microsat,GATA,
CE_065,gaagtcataggaagagatagaa,tcagagctggttctatctgtt,microsat,CAAA,
CE_084,gctgcatatgtattagaatgac,tctacatctttgcctttgatgt,microsat,GATA,
CE_103,gttatctctagggaataccag,aaggattttgtgaccctctgt,microsat,ACAT,
CE_106,taagtatagtcagataggtagg,cagtaaaacctgatgcatcca,microsat,TAGA,
CE_111,tactacaaccaagacccaaca,acaccagatctgtttacttctt,microsat,AAAT,
CE_117,tcttcctgcccaatatgtgta,aacctccagggatgtccta,microsat,GATA,
CE_125,tgcatcactctgtctagttca,gtcctcctgaaatctggct,microsat,AAAT,
CE_137,ttctgtatcactgaaggaagg,gacatgcctgagcaacttc,microsat,AAAG,
CE_151,ttatgtgtcagctaaacccct,agcctcatagagctaccag,microsat,CAAA,
CE_158,tccttcaacaatcaaatgctga,cttttgaaattcttaaaaggctca,microsat,ATGA,
CE_168,aatagtcagatgcgactgagt,gattaacaaagctgtggtactt,microsat,AACTG,
CE_178,atagtcagatgcgactgagta,tgattaacaaagctgtggtact,microsat,CTGAA,
Ce10ay,accagccaaacctccatct,tggaagggctgctgggt,snp,,ACCAGCCAAACCTCCATCTtcccACCCAGCAGCCCTTCCA
Ce10ay,accagccaaacctccatct,tggaagggctgctgggt,snp,,ACCAGCCAAACCTCCATCTgcccACCCAGCAGCCCTTCCA
Ce12ay,gaagacatttacaacactcatg,aggctttggactgtgagag,snp,,aaaatgatcaagcaaaaatggcccacagaaataaaaatt
Ce12ay,gaagacatttacaacactcatg,aggctttggactgtgagag,snp,,aaaatgatcaagaaaaaatggcccacagaaataaaaatt
AME1,GATGGCTGCACCACCAAATC,TGTGGTGATGAGGCTGCAG,snp,,ATTCCTGTGGTGTCCCATCAGAGTCCACAGAATCATGCC
AME1,GATGGCTGCACCACCAAATC,TGTGGTGATGAGGCTGCAG,snp,,ATTCCCGTGGTGTCCCAGCAGACTCCCCAGAATCACGCC
