locus,primerF,primerR,type,motif,sequence
Cl109,tgtccctccccacactc,tcgcacatgtgtcattttactt,microsat,TAAA,
Cl113,tgcttccacggtatttggc,cccttctgaaacgttctttct,microsat,ATAA,
Cl178,atgccaactggtcactgtg,ggaacttctacagatctttaag,microsat,AAAG,
Cl211,tctccctggctccctct,caatggaatcagatagtatgca,microsat,GAAA,
Cl218,tatttcttcaggattctcttcc,agtctatctgtctgcctgc,microsat,AGAC,
Cl226,gtctctgcttctctgtctc,gccaggcaaaaggattgca,microsat,GATA,
Cl228,gtccaataacataactccatac,agccaggatttgatcttaacat,microsat,GAAA,
Cl234,ggagtgttttccagatttacaa,cccaatgcactcaaatccc,microsat,AAAG,
Cl251,gcaggtaaacagagtaaagtg,tccctctagatctcctttcat,microsat,AATA,
Cl259,gagcagcacatagtaggtg,accaatccacctgcatatttc,microsat,GGAA,
Cl290,cccaacctcattaaaatcacat,aaggtaacttcttgtactgctt,microsat,AAAT,
Cl318,attgggcatacgcttactcaa,ggccttttctggattgctg,microsat,AAAT,
Cl322,atcagccatggattatttggtt,tgagctgcccttatacagaa,microsat,AAAT,
Cl324,ataccagacaaagacactacaa,agggatgccagcctatagt,microsat,GAAA,
Cl345,aagtatagagtatccctccct,tggtacctattaagaaacgtgt,microsat,GAAA,
Cl406,gtggctactagaacattttaag,tgtatctcactagggctacaa,microsat,GAAA,
Cl423,ggcctgaaactaaacatccta,ccacccaggtgcctcta,microsat,AAAT,
Cl434,gcctccaatgaacaattgtca,gggaaacaattctcaaattatctt,microsat,TAAA,
Cl441,gattctcagttgtgcatatcaa,aggcaaaaggaatctttcagg,microsat,GAAA,
Cl517,ccaccccacttgtgctc,ttggaattttgagtgggatgg,microsat,ATAA,
Cl523,catgttgggcatagagattac,tagggactctgttaatgtgca,microsat,GGAA,
Lup15,tcccgaccaaactttctcc,ggattggatgggtgaatgc,microsat,CATC,
ZFX_NEW,agatgaaactctagtatgtatccac,ccaggaaatcattcatgaatatcac,snp,,GGAGGTGTTGTGATGGCATTTTAGCTGCTAGACCACATGTAGCTTTTGTGTATTGAATTTGAAAATATAATTTTAAGAATTCA
ZFY_NEW,cagagatgtaaatagtatgtatccac,ccaggaaatcattcatgaatatcac,snp,,AGAAGTGTTATCATAGTTTAGACCATATGTAGCTTTTATGTGTATTAAAAAAATAATTTTAAGAATTCA