locus,primerF,primerR,type,motif,sequence,,,,,
Cl147,ctggtcacttttattcaacttc,tgccattccctgaccttct,microsat,GATA,,,,,,
Cl233,ggctccaaaagaaattctttca,ggccaacaactcacaaagg,microsat,AAAG,,,,,,
Cl264,gacaaagagcaagagatgatg,ctcaaacagtgcctggtgt,microsat,ATAG,,,,,,
Cl274,ctgaagtcctactcacaatac,tgtggttgctggcaaaagc,microsat,AAGA,,,,,,
Cl285,cctgaactaaatcagagcaga,aagtcccttaagctatcctct,microsat,AAAG,,,,,,
Cl291,ccatccaagtaataagtgcca,acttcttaccctgttaatgcat,microsat,AAAG,,,,,,
Cl308,cacaggtagtagataaacaaca,tgactcttcaggaatggatac,microsat,AAAG,,,,,,
Cl330,agcaaagaaaatggacagttca,tgtcttcaaaagtttatgatccat,microsat,AAAG,,,,,,
Cl344,aagtcagagttcattgtgacta,agatcaatgaacttctcaggc,microsat,AATA,,,,,,
Cl366,tgtatgcttgttctcgctct,gccttctagttagttcgttag,microsat,GAAA,,,,,,ccaacacacacctcaaacagtgcctggtgtcatgagttgcccgaccagatcggcccaaaactgcagcatttcgcgcctctggggttcgtactccgctcggttgtatacgccacgcacaccgctgattgcgtggttcagcgctttttcaaccacgtcggacgcccaaccgtactcgtgcaaaagcgtcgatgcggtgcggcgaagatcgtgaatcgtgaacgctggaatcggctgcccggcgagcgctgtctctggacgtgtgtgttgg
Cl370,tggagcactacatagctgta,gttcttagagatcttcttcagt,microsat,AAGA,,,,,,
Cl375,tgcctctcagtgtctctga,gaagatattcaaatttcacctgg,microsat,TAGA,,,,,,
Cl380,tctttactgccaagcacgc,gtccagagacagcgctc,microsat,TAAA,,,,,,
Cl408,gtgcagggaatctgacaga,aggaggggttcttagcctt,microsat,AAGA,,,,,,
Cl507,cccctctcaaatggatgga,ccccaaatctcagtttagca,microsat,GAAA,,,,,,
Cl527,cagtgatctgtggacttgaa,tgaggtggttgagaataaaact,microsat,GAAA,,,,,,
Lup01,acagcaatagaagccaccc,acttgctgttaccccacac,microsat,AGAA,,,,,,
Lup02,accagcgcaaaaccaagtg,ttcttgggaaggtagctgg,microsat,GTTT,,,,,,
Lup13,cctgagttactgcccttg,cggatttcagggtagatgc,microsat,AATC,,,,,,
Lup20,tggatcatgtttgcacccg,ggtcaagctcatgaggatc,microsat,TCAT,,,,,,
Lup21,gcagagtttctatggtcaac,gagctgggtagaggaatag,microsat,ATGA,,,,,,
Lup23,cacatggatagctgcacag,agccatgcaattcagtcaac,microsat,GGAT,,,,,,
ZFX_NEW,agatgaaactctagtatgtatccac,ccaggaaatcattcatgaatatcac,snp,,GGAGGTGTTGTGATGGCATTTTAGCTGCTAGACCACATGTAGCTTTTGTGTATTGAATTTGAAAATATAATTTTAAGAATTCA,,,,,
ZFY_NEW,cagagatgtaaatagtatgtatccac,ccaggaaatcattcatgaatatcac,snp,,AGAAGTGTTATCATAGTTTAGACCATATGTAGCTTTTATGTGTATTAAAAAAATAATTTTAAGAATTCA,,,,,